Categoria;Prodotto;URL;Descrizione
Unità di trattamento per sale operatorie;UNITA' INTEGRATE SO - SO2;https://www.zoppellaro.net/impianti-aria-sale-operatorie;"Le unità UTA SO sono progettate specificamente per garantire aria pulita e controllata in ambienti critici come sale operatorie, terapie intensive, sale diagnostiche e laboratori. Queste unità monoblocco, con portate d'aria da 2.000 a 16.000 m³/h, offrono una soluzione completa e pronta all'uso (""plug & play"") con quadro elettrico, regolazione, sonde, valvole e umidificatore preinstallati e preconfigurati. La struttura in alluminio con pannelli sandwich in acciaio e isolamento poliuretanico garantisce robustezza, igiene e efficienza energetica. La filtrazione dell'aria a doppio stadio (F7 e F9) e la possibilità di gestire la sovrappressione o depressione della sala assicurano un ambiente sterile e sicuro. Inoltre, il sistema di recupero di calore integrato contribuisce a ridurre i consumi energetici. Le unità UTA SO sono la soluzione ideale per garantire il massimo comfort e sicurezza in ambienti sanitari."
Unità di trattamento per sale operatorie;UNITA' INTEGRATE SO RT Unità in versione speciale;https://www.zoppellaro.net/impianti-aria-sale-operatorie;Le unità SO RT sono la soluzione ideale per chi cerca un sistema completo di trattamento aria per sale operatorie, con la massima efficienza e flessibilità di installazione. Grazie al circuito frigorifero integrato, le unità SO RT permettono di gestire in modo preciso la temperatura e l'umidità della sala, garantendo il massimo comfort per il personale medico e i pazienti. Inoltre, l'installazione rooftop semplifica la progettazione e riduce i costi di installazione. Le unità SO RT sono personalizzabili con diverse opzioni e accessori per rispondere a qualsiasi esigenza. Contattaci per un preventivo personalizzato e scopri come possiamo migliorare la qualità dell'aria nei tuoi ambienti critici.
Unità di trattamento per sale operatorie;UTA SO;https://www.zoppellaro.net/impianti-aria-sale-operatorie;Le unità denominate SO sono centrali di trattamento aria per l’utilizzo specifico nelle sale operatorie, e sono disponibili ed adattabili per qualsiasi dimensione di superficie servita. Le caratteristiche principali di tali impianti sono: Impedire l’ingresso di agenti patogeni e contaminanti
Unità di trattamento per sale operatorie;Impedire l’ingresso di agenti patogeni e contaminanti;https://www.zoppellaro.net/impianti-aria-sale-operatorie;Massima pulizia dell’aria in ambiente
Unità di trattamento per sale operatorie;Massima pulizia dell’aria in ambiente;https://www.zoppellaro.net/impianti-aria-sale-operatorie;Facilmente igienizzabili e sterilizzabili
Unità di trattamento per sale operatorie;Facilmente igienizzabili e sterilizzabili;https://www.zoppellaro.net/impianti-aria-sale-operatorie;Semplicità di manutenzione.
Deumidificatori e climatizzatori per piscine;CLIMATIZZATORI DNA X POOL – DNA X POOL2;https://www.zoppellaro.net/deumidificatori-per-piscine;Deumidificatore autonomo per piscine con recuperatore a flussi incrociati e pompa di calore aria-aria integrata portate da 2.000 a 35.000 mc/h.• Riscaldamento, deumidifica invernale di piscine coperte ad uso natatorio• Produzione secondaria di acqua calda per il riscaldamento della vasca o ACS
Deumidificatori e climatizzatori per piscine;CLIMATIZZATORI DNA X SPA;https://www.zoppellaro.net/deumidificatori-per-piscine;Climatizzatore autonomo per piccole SPA e piscine con recuperatore a flussi incrociati e pompa di calore reversibile aria-aria integrata portate da 500 a 3.500 mc/h• Climatizzazione e deumidificazione autonoma per SPA• Climatizzazione e deumidificazione autonoma per piscine domesticheindoor e piscine riabilitative
Deumidificatori e climatizzatori per piscine;CLIMATIZZATORI DNA SPA;https://www.zoppellaro.net/deumidificatori-per-piscine;Deumidificatori autonomiper piccole piscine e SPAportate da 800 a 3.200 m3/h• Climatizzazione e deumidificazione autonoma per SPA• Climatizzazione e deumidificazione autonoma per piscine domesticheindoor e piscine riabilitative
Deumidificatori e climatizzatori per piscine;DNA X POOL E X SPA: LA LINEA DI DEUMIDIFICATORI PER PISCINE E AREE WELLNESS;https://www.zoppellaro.net/deumidificatori-per-piscine;"I deumidificatori DNA X POOL sono unità di trattamento aria ad alto recupero energetico per piscine coperte, vasche riabilitative e Spa. Rispondono perfettamente alle esigenzedi ventilazione, ricambio d’aria, deumidificazione e risparmio energetico. Dispongono di un doppio sistema di recupero dell’energia dell’aria espulsa con recuperatore a flussi incrociati e pompa di calore aria-aria. A tale configurazione base può essere aggiunto un ulteriore scambiatore a piastre per recuperare l’energia ed utilizzare la stessa sotto forma di calda sanitaria o riscaldando l’acqua della piscina. I deumidificatori DNA X POOL sono molto flessibili, realizzabili in diversi materiali, secondo le specifiche del cliente e del luogo di installazione. Massimizzazione dell’efficienza e riduzione del dispendio energetico; regolazione integrata che consente di far variare rapidamente temperatura, umidità e tipo di pressurizzazione; comfort assoluto sia estivo che invernale; Facilità di igienizzazione, manutenzione ed accessibilità ai componenti interni; Bassi valori di rumorosità all'esterno della macchina."
Deumidificatori e climatizzatori per piscine;L’IMPORTANZA DELL’IMPIANTO DI DEUMIDIFICAZIONE;https://www.zoppellaro.net/deumidificatori-per-piscine;Respirare aria sana e pulita è fondamentale, in qualsiasi ambiente, per questo è importante avvalersi di apparecchiature e sistemi all’ avanguardia. Le unità di deumidificazione Zoppellaro rispondono ad elevati standard qualitativi, ponendosi come soluzione privilegiata per chi sceglie di installare un impianto di trattamento dell'aria all'interno del proprio centro sportivo, palestra, piscina mantenendo le migliori condizioni di benessere durante tutto l'anno. Garantire un livello di benessere per i bagnanti in una atmosfera sana, che duri nel tempo è una prerogativa fondamentale. Uno dei principali problemi quando si realizza una piscina coperta è dato dall’ umidità che satura progressivamente l’aria già ricca di sostanze aggressive come cloro, bromo o altri disinfettanti. Inoltre con il passare del tempo l’eccessiva umidità intacca i muri e penetra nelle pareti, provocando degrado del locale. Questi problemi sono di facile soluzione quando si installa un deumidificatore ad alto rendimento così da garantire un impianto igienico efficace ed efficiente.
Precondizionamento aeromobili;PCA;https://www.zoppellaro.net/unita-precondizionamento-aereomobili;Condensati ad acqua• Unità industriali su specifiche del cliente
Precondizionamento aeromobili;PCA;https://www.zoppellaro.net/unita-precondizionamento-aereomobili;Condensati ad aria• Unità industriali su specifiche del cliente
Precondizionamento aeromobili;PCA;https://www.zoppellaro.net/unita-precondizionamento-aereomobili;Con punto rugiada < a 0° C• Unità industriali su specifiche del cliente
Referenze;INDUSTRIA;https://www.zoppellaro.net/Referenze;Fanuc Italia srl, Lainate (MI)Gucci spa, Scandicci (FI)Pelliconi spa, Ozzano dell’Emilia (BO) Brembo, Polonia FCA Mirafiori Plant, Torino Unigrà, Conselice (RA) Golden goose spa, Marghera (VE)Haupt Pharma, Latina Manifattura Berluti, Gaibanella (FE)Acqua San Benedetto, Scorzè (VE)
Referenze;SERVIZI;https://www.zoppellaro.net/Referenze;H Farm Campus, Roncade (TV)Torre Kenzo, BolognaBagni Misteriosi Teatro Parenti, MilanoLa Nuvola di Fuksas, Roma Nuovo Politecnico di Milano, Lecco Università di Modena Tribunale di Milano Centro EFSA, Parma Incubatore Universitario imprese Tecnologiche Politecnico Di Torino Infinite Area, Montebelluna (TV)
Referenze;PISCINE PUBBLICHE E PRIVATE;https://www.zoppellaro.net/Referenze;Piscina Virgin Active Collection, NapoliPiscina David Lloyd Malaspina Peschiera Borromeo (MI) Piscina comunale Francavilla al mare (CH)Piscina Condominiale Porta Vittoria, Milano Piscina Salvator MUndi International Hospital, RomaPiscina comunale di Fermo (FM) Centro fitness e wellness Morphé, C. commerciale Levante, Livorno Piscine residenze private Milano, Trieste, Rovigo, Castelfranco VenetoPiscina comunale di Casoria (NA)Piscina comunale Sant'Elpidio al mare (FM)
Referenze;SANITA';https://www.zoppellaro.net/Referenze;Ospedale San Gerardo, MonzaTendo struttura Covid Ospedale San Raffaele (MI)Istituto Oncologico Veneto, PadovaCamera sterilizzazione Ospedale di Tirana, AlbaniaOspedale di Candiolo (TO) Ospedale Agnelli, Pinerolo (TO) Ospedale Luigi Sacco, (MI) Sale operatorie, pronto soccorso, sterilizzazione Chioggia (VE) Ospedale di Desenzano del Garda (BS) Efficientamento energetico Centro Gallucci Ospedale di Padova
Referenze;PUNTI VENDITA;https://www.zoppellaro.net/Referenze;"C. commerciale Orio al SErio (BG)C. commerciale Nuovo Flaminia, BresciaPunto vendita Alì, Abano Terme (PD)C. commerciale Setteponti Unicoop Arezzo (AR) Iper Montebello della Battaglia (PV) C. Commerciale Collegno (TO) Area Elbi, Galleria C. commerciale Adige City, Verona sud Centro commerciale ""Namira "" , Borgo Virgilio , Mantova Punto vendita Leroy Merlin., Castel San Giovanni (PC) Decathlon e Scarpe & Scarpe Coop Castellaccio Massa e Cozzile (PT)"
Referenze;HOSPITALITY;https://www.zoppellaro.net/Referenze;Amy Sushi Parabiago, (MI)Hotel Sole, L' AquilaLuxory Hotel Villa d'Este, Cernobbio (CO)Hotel NH Milano FieraGrand Hotel Kinshasa, CongoHotel Gritti, VeneziaBusiness Hotel Pirelli, MilanoRistorante KFC Bicocca Village, MilanoHotel Sailing Village, Malcesine (VR)Allegroitalia Espresso Linate Segrate (MI)
TRATTAMENTO ARIA CIVILE ED INDUSTRIALE;Zoppellaro è il partner ideale per il trattamento dell'aria, in ambito civile e industriale.;https://www.zoppellaro.net;La progettazione integrata CAD-CAM, le macchine a controllo numerico e un software di progettazione proprietario di terza generazione, ci consentono di realizzare soluzioni su misura fino ad arrivare a 200.000 m³/h di aria trattata. Con un team di esperti, un'area produttiva di oltre 6.500 m² e una rete commerciale efficiente, Zoppellaro offre un servizio completo, dalla consulenza all'assistenza post-vendita. La progettazione integrata CAD-CAM, le macchine a controllo numerico e un software di progettazione proprietario di terza generazione, ci consentono di realizzare soluzioni su misura fino ad arrivare a 200.000 m³/h di aria trattata. Con un team di esperti, un'area produttiva di oltre 6.500 m² e una rete commerciale efficiente, Zoppellaro offre un servizio completo, dalla consulenza all'assistenza post-vendita.
TRATTAMENTO ARIA CIVILE ED INDUSTRIALE;Climatizzatori per ambienti ospedalieri e sale operatorie;https://www.zoppellaro.net;Le unità denominate SO sono centrali di trattamento aria per l’utilizzo specifico nelle sale operatorie, e sono disponibili ed adattabili per qualsiasi dimensione di superficie servita. Le unità denominate SO sono centrali di trattamento aria per l’utilizzo specifico nelle sale operatorie, e sono disponibili ed adattabili per qualsiasi dimensione di superficie servita.
TRATTAMENTO ARIA CIVILE ED INDUSTRIALE;Deumidificatori per piscine;https://www.zoppellaro.net;Unità di deumidificazione e climatizzazione ad alto recupero energetico per piscine coperte ad uso sportivo, vasche riabilitative, ambienti spa e aree wellness. Unità di deumidificazione e climatizzazione ad alto recupero energetico per piscine coperte ad uso sportivo, vasche riabilitative, ambienti spa e aree wellness.
TRATTAMENTO ARIA CIVILE ED INDUSTRIALE;Unità di trattamento aria componibili;https://www.zoppellaro.net;Un prodotto conosciuto nel mercato per la qualità manifatturiera, che continuiamo a migliorare offrendo soluzioni con quadro elettrico e regolazione integrati. Un prodotto conosciuto nel mercato per la qualità manifatturiera, che continuiamo a migliorare offrendo soluzioni con quadro elettrico e regolazione integrati.
TRATTAMENTO ARIA CIVILE ED INDUSTRIALE;Condizionatori ROOF TOP;https://www.zoppellaro.net;Le unità della serie PAL condizionatori monoblocco autonomi rappresentano la soluzione ad elevata efficienza per soddisfare le esigenze di benessere termo igrometrico e di ricambio dell'aria negli impianti civili ed industriali. Le unità della serie PAL condizionatori monoblocco autonomi rappresentano la soluzione ad elevata efficienza per soddisfare le esigenze di benessere termo igrometrico e di ricambio dell'aria negli impianti civili ed industriali.
TRATTAMENTO ARIA CIVILE ED INDUSTRIALE;PCA pre-cooling aircraft;https://www.zoppellaro.net;Sviluppo e realizzazione di unità ad espansione diretta
TRATTAMENTO ARIA CIVILE ED INDUSTRIALE;Sviluppo e realizzazione di unità ad espansione diretta;https://www.zoppellaro.net;sia condensate ad acqua che ad aria per il precondizionamento di velivoli civili e militari in sosta. sia condensate ad acqua che ad aria per il precondizionamento di velivoli civili e militari in sosta.
TRATTAMENTO ARIA CIVILE ED INDUSTRIALE;Innovazione, tecnologia e cura artigianale;https://www.zoppellaro.net;In 50 anni di attività, Zoppellaro ha progettato e costruito migliaia di unità per il condizionamento, scegliendo di realizzare un prodotto che fosse tecnologicamente avanzato e durevole nel tempo. In 50 anni di attività, Zoppellaro ha progettato e costruito migliaia di unità per il condizionamento, scegliendo di realizzare un prodotto che fosse tecnologicamente avanzato e durevole nel tempo. Ogni area geografica si distingue per il proprio clima, ogni edificio per le proprie specifiche architettoniche nonché destinazioni d’uso, per questa ragione riteniamo che il benessere Ogni area geografica si distingue per il proprio clima, ogni edificio per le proprie specifiche architettoniche nonché destinazioni d’uso, per questa ragione riteniamo che il benessere termo-igrometrico possa essere raggiunto attraverso delle soluzioni studiate su misura.
TRATTAMENTO ARIA CIVILE ED INDUSTRIALE;termo-igrometrico possa essere raggiunto attraverso delle soluzioni studiate su misura.;https://www.zoppellaro.net;Potremmo raccontare di quanto questa piccola azienda si sia evoluta attraverso l’esperienza sul campo e la formazione dei propri tecnici, ma preferiamo dimostrare attraverso i nostri prodotti come una realtà con filosofia di estrazione artigianale possa competere con grandi players della climatizzazione fornendo soluzioni e servizi custom. Potremmo raccontare di quanto questa piccola azienda si sia evoluta attraverso l’esperienza sul campo e la formazione dei propri tecnici, ma preferiamo dimostrare attraverso i nostri prodotti come una realtà con filosofia di estrazione artigianale possa competere con grandi players della climatizzazione fornendo soluzioni e servizi custom. LE NOSTRE
TRATTAMENTO ARIA CIVILE ED INDUSTRIALE;TESTIMONIANZE;https://www.zoppellaro.net;Azienda familiare ben gestita da persone competenti ed affidabili con progetti sempre più innovativi ed ecosostenibili
TRATTAMENTO ARIA CIVILE ED INDUSTRIALE;Maurizio M.;https://www.zoppellaro.net;Azienda seria e affidabile
TRATTAMENTO ARIA CIVILE ED INDUSTRIALE;oppure scrivete a zoppellaro@zoppellaro.it;https://www.zoppellaro.net;Navigazione HOME L'AZIENDA REFERENZE SOLUZIONI SERVIZI NEWS CONTATTI
NEWS;Politica Energetica;https://www.zoppellaro.net/News;La Zoppellaro Srl si è posta l’obiettivo di creare una buona e salda immagine con i propri Clienti, tramite la realizzazione di prodotti di buona qualità, conformi ai requisiti definiti in fase contrattuale che contemplano di regola anche le norme tecniche applicabili, intervenendo con professionalità e sollecitudine sui problemi che si dovessero manifestare alla consegna e nel periodo di garanzia. La Zoppellaro Srl si è posta l’obiettivo di creare una buona e salda immagine con i propri Clienti, tramite la realizzazione di prodotti di buona qualità, conformi ai requisiti definiti in fase contrattuale che contemplano di regola anche le norme tecniche applicabili, intervenendo con professionalità e sollecitudine sui problemi che si dovessero manifestare alla consegna e nel periodo di garanzia. La struttura organizzativa flessibile ed elastica, il continuo aggiornamento alle normative, l’applicazione dei moderni concetti di autocontrollo, prevenzione e il miglioramento continuo sono i capisaldi per perseguire l’obiettivo sopra citato. La struttura organizzativa flessibile ed elastica, il continuo aggiornamento alle normative, l’applicazione dei moderni concetti di autocontrollo, prevenzione e il miglioramento continuo sono i capisaldi per perseguire l’obiettivo sopra citato. La Politica per l’Energia, che fa perno sui contenuti suddetti, si esprime nei seguenti aspetti:
Unità trattamento Aria;UNITÀ TRATTAMENTO ARIA CERTIFICATE EUROVENT SERIE SA 50;https://www.zoppellaro.net/unità-trattamento-aria;La serie SA 50 offre centrali di trattamento aria certificate Eurovent, con portate da 1.000 a 90.000 m³/h. Queste unità, ideali per applicazioni civili, industriali e sanitarie, garantiscono elevati standard di qualità, efficienza energetica e silenziosità. La struttura modulare è realizzata con profili in alluminio e pannelli sandwich con coibentazione in poliuretano espanso o lana minerale. L'ampia scelta di componenti (ventilatori, batterie, filtri, recuperatori) consente di personalizzare la centrale in base alle specifiche esigenze. La serie SA 50 è certificata secondo la direttiva macchine 2006/42/CE, la direttiva ERP 2009/125/CE, la direttiva bassa tensione 2006/95/CE e la direttiva EMC 2004/108/CE.
Unità trattamento Aria;UNITÀ TAV;https://www.zoppellaro.net/unità-trattamento-aria;"Le unità di trattamento aria TAV sono progettate per l'installazione verticale, ideale per ottimizzare gli spazi in applicazioni civili, commerciali, industriali e alberghiere. 1 Con portate d'aria da 2.000 a 30.000 m³/h, queste unità offrono soluzioni complete per la filtrazione, il raffreddamento e il riscaldamento dell'aria, garantendo un clima confortevole in ogni ambiente. 2 La struttura compatta e la vasta gamma di accessori disponibili, come plenum di mandata, serrande e griglie, la rendono una soluzione versatile e adattabile a diverse esigenze. 3 La serie TAV è dotata di ventilatori plug-fan a pale rovesce con motore a corrente continua ""Brushless"" a controllo elettronico e inverter integrato. 4 La filtrazione standard è affidata a filtri sintetici di classe G4, con possibilità di installare filtri M5, F7 o F9. 5 Le unità possono essere fornite con regolazione integrata e sono pronte per l'installazione, semplificando la progettazione e riducendo i tempi di installazione. 6"
Unità trattamento Aria;UNITA' CPZ;https://www.zoppellaro.net/unità-trattamento-aria;"I termocondizionatori pensili CPZ sono unità compatte e versatili, progettate per l'installazione a controsoffitto in ambienti residenziali, commerciali e terziari. Con portate d'aria da 300 a 5.000 m³/h, la serie CPZ si adatta a diverse esigenze di climatizzazione. La serie CPZ è disponibile in 7 modelli, con struttura autoportante in pannello o a telaio portante in alluminio. I pannelli sandwich con isolamento in poliuretano espanso garantiscono un'elevata efficienza energetica. I ventilatori plug-fan a pale rovesce con motore a corrente continua ""Brushless"" assicurano un funzionamento silenzioso. La serie CPZ offre diverse opzioni di configurazione, tra cui batterie ad acqua, ad espansione diretta o elettriche. La filtrazione dell'aria è garantita da filtri di classe M5."
Unità trattamento Aria;UNITÀ TRATTAMENTO ARIA DEL TUTTO CONFIGURABILI;https://www.zoppellaro.net/unità-trattamento-aria;Zoppellaro propone unità trattamento aria configurabili e personalizzabili a seconda delle proprie esigenze. Le centrali assicurano prestazioni elevate e sono realizzabili sia con struttura autoportante senza profili in alluminio realizzata a taglio termico, oppure con struttura portante in profilo di alluminio, che può essere estruso, verniciato o anodizzato. I pannelli sono disponibili in vari spessori (20-30-42-50-60-100 mm) e in vari materiali, tra cui il già citato alluminio, l'acciaio inox 304 e 316, la lamiera zincata e, eventualmente, essere trattati con verniciatura antibatterica. Non esitate a mettervi in contatto con il nostro ufficio tecnico per ulteriori informazioni, specifiche tecniche e preventivi gratuiti sulle unità trattamento aria proposte.
Recuperatori di Calore;RECUPERATORI PASSIVI RRZ;https://www.zoppellaro.net/Recuperatori-di-calore;Unità di trattamento aria con recuperatore di calore rotativo adsorbente ad alta efficienza, progettata per garantire il ricambio d'aria primaria in impianti di climatizzazione quali: sistemi VRV e VRF, fan coil, impianti radianti e sistemi a pannelli radianti e travi fredde (con eventuale integrazione). Portate d'aria disponibili da 2.000 a 15.000 m³/h.
Recuperatori di Calore;RECUPERATORI PASSIVI RPZ X;https://www.zoppellaro.net/Recuperatori-di-calore;Progettate per garantire il ricambio d'aria primaria in impianti di climatizzazione di diversa tipologia, le nostre unità di recupero aria offrono prestazioni elevate e un'ampia gamma di compatibilità con sistemi VRV, VRF, fan coil, impianti radianti e sistemi a pannelli radianti e travi fredde. Portate d'aria disponibili da 300 a 5.000 m³/h.
Recuperatori di Calore;RECUPERATORI SOLO ATTIVI RPZ C i;https://www.zoppellaro.net/Recuperatori-di-calore;Progettati per garantire la completa separazione tra i flussi d'aria, i recuperatori RPZ C assicurano un'elevata qualità dell'aria negli ambienti. Ideali per impianti VRV, VRF, fan coil, radianti e travi fredde, offrono portate d'aria da 950 a 3.500 m³/h.
Recuperatori di Calore;RECUPERATORI SOLO ATTIVI RZ C i;https://www.zoppellaro.net/Recuperatori-di-calore;Progettati per garantire la completa separazione tra i flussi d'aria, i recuperatori termodinamici autonomi assicurano un'elevata qualità dell'aria negli ambienti. Ideali per impianti VRV, VRF, fan coil, radianti e travi fredde, offrono portate d'aria da 2.900 a 24.000 m³/h.
Recuperatori di Calore;RECUPERATORI MULTISTADIO RPZ XC;https://www.zoppellaro.net/Recuperatori-di-calore;Unità di trattamento aria a doppio stadio con recupero di calore ad alta efficienza, per portate da 350 a 20.000 m³/h. Progettata per il ricambio aria primaria e la deumidificazione in impianti di climatizzazione di diversa tipologia, quali sistemi VRV e VRF, fan coil, impianti radianti a pannelli e sistemi misti radianti/travi fredde.
Recuperatori di Calore;RECUPERATORI MULTISTADIO DNA RH;https://www.zoppellaro.net/Recuperatori-di-calore;Unità di trattamento aria DNA RH BO, con recuperatore di calore rotativo adsorbente e pompa di calore aria-aria integrata, per portate da 2.200 a 25.000 m³/h. Indicata per il ricambio aria primaria e la deumidificazione in impianti di climatizzazione, inclusi sistemi VRV e VRF, fan coil, impianti radianti a pannelli e sistemi misti radianti/travi fredde.
Recuperatori di Calore;RECUPERATORI MULTISTADIO DNA XX;https://www.zoppellaro.net/Recuperatori-di-calore;Unità di trattamento aria DNA XX, dotata di doppio recuperatore di calore a flussi incrociati, saturatore adiabatico e pompa di calore aria-aria integrata, per portate da 4.000 a 25.000 m³/h. Soluzione ideale per il ricambio aria primaria e la deumidificazione in impianti di climatizzazione, inclusi sistemi VRV e VRF, fan coil, impianti radianti a pannelli e sistemi misti radianti/travi fredde.
Condizionatori Roof Top;CLIMATIZZATORI ROOFTOP STANDARD serie PAL;https://www.zoppellaro.net/produzione-condizionatori-roof-top;Unità di trattamento aria PAL: climatizzazione autonoma ad alta efficienza e flessibilità (3.500 - 58.000 m³/h) Le unità di trattamento aria PAL offrono una soluzione completa per la climatizzazione di ambienti civili e industriali, grazie alla loro elevata efficienza e flessibilità. Queste unità sono progettate per garantire un controllo preciso del clima, con un'ampia gamma di configurazioni per il rinnovo dell'aria, la deumidificazione e il trattamento termico. Una delle caratteristiche principali delle unità PAL è la capacità di funzionare anche al 100% con aria esterna, garantendo la massima flessibilità operativa e adattandosi alle diverse esigenze di ogni applicazione.
Condizionatori Roof Top;CLIMATIZZATORI ROOFTOP EVOLUTI NO FROST serie N.ICE;https://www.zoppellaro.net/produzione-condizionatori-roof-top;N.ICE: Climatizzatore rooftop autonomo in pompa di calore reversibile, no frost, per impianti civili e industriali a tutt'aria.N.ICE è una soluzione completa per la climatizzazione di ambienti civili e industriali. Questa unità rooftop, in pompa di calore reversibile e con tecnologia no frost, è progettata per garantire il rinnovo dell'aria, la deumidificazione e il controllo climatico preciso in qualsiasi condizione. N.ICE può funzionare anche al 100% con aria esterna, offrendo la massima flessibilità di utilizzo. Inoltre, consente l'immissione in ambiente di aria trattata in compensazione di aria estratta da cappe di processo, rendendola ideale per applicazioni industriali che richiedono un controllo accurato della qualità dell'aria.
Condizionatori Roof Top;CLIMATIZZATORI ROOFTOP EVOLUTI NO FROST serie N.ICE K;https://www.zoppellaro.net/produzione-condizionatori-roof-top;N.ICE K: Climatizzatore autonomo a tutt'aria esterna, ideale per impianti con estrazione aria a perdere.N.ICE K è un climatizzatore autonomo in pompa di calore reversibile, con tecnologia no frost, progettato per impianti a tutt'aria con estrazione aria a perdere. Questa unità è ideale per applicazioni civili e industriali che richiedono un rinnovo continuo dell'aria, come cucine, ristoranti e locali commerciali. N.ICE K garantisce un controllo preciso del clima, con la possibilità di deumidificare l'aria e di funzionare anche al 100% con aria esterna. L'unità è in grado di compensare l'aria estratta da cappe di cucina, mantenendo un ambiente confortevole e salubre.
